{"modality_0": {"mean": 184.50697021484376, "std": 439.8003173828125}, "modality_1": {"mean": 337.60277450561523, "std": 772.6760467529297}, "modality_2": {"mean": 501.4859942626953, "std": 1164.7241345214843}, "modality_3": {"mean": 111.4659359741211, "std": 279.7930291748047}}