{"patient_0": {"modality_0": {"mean": 242.0653533935547, "std": 570.3975219726562}, "modality_1": {"mean": 422.8651428222656, "std": 964.06396484375}, "modality_2": {"mean": 567.69384765625, "std": 1305.3541259765625}, "modality_3": {"mean": 125.85941314697266, "std": 300.7686462402344}}, "patient_1": {"modality_0": {"mean": 205.64251708984375, "std": 492.76373291015625}, "modality_1": {"mean": 552.7658081054688, "std": 1278.318603515625}, "modality_2": {"mean": 639.37890625, "std": 1471.729248046875}, "modality_3": {"mean": 177.4228973388672, "std": 439.2823181152344}}, "patient_2": {"modality_0": {"mean": 69.89714050292969, "std": 183.2784423828125}, "modality_1": {"mean": 61.11233139038086, "std": 150.93309020996094}, "modality_2": {"mean": 187.46047973632812, "std": 472.7395324707031}, "modality_3": {"mean": 48.855403900146484, "std": 143.36871337890625}}, "patient_3": {"modality_0": {"mean": 231.9873046875, "std": 545.6019287109375}, "modality_1": {"mean": 190.3116912841797, "std": 443.394775390625}, "modality_2": {"mean": 232.04579162597656, "std": 555.9793701171875}, "modality_3": {"mean": 214.20472717285156, "std": 520.28515625}}, "patient_4": {"modality_0": {"mean": 195.35574340820312, "std": 462.30157470703125}, "modality_1": {"mean": 323.6377258300781, "std": 754.9627075195312}, "modality_2": {"mean": 385.3692932128906, "std": 901.7279052734375}, "modality_3": {"mean": 86.88957214355469, "std": 216.37791442871094}}, "patient_5": {"modality_0": {"mean": 164.59140014648438, "std": 414.3052673339844}, "modality_1": {"mean": 327.5084228515625, "std": 818.3970336914062}, "modality_2": {"mean": 425.0142517089844, "std": 1069.887451171875}, "modality_3": {"mean": 137.78370666503906, "std": 367.2311096191406}}, "patient_6": {"modality_0": {"mean": 204.9837646484375, "std": 479.897216796875}, "modality_1": {"mean": 387.199951171875, "std": 886.9921264648438}, "modality_2": {"mean": 617.1870727539062, "std": 1391.3853759765625}, "modality_3": {"mean": 110.74443054199219, "std": 270.0296630859375}}, "patient_7": {"modality_0": {"mean": 187.19161987304688, "std": 487.90338134765625}, "modality_1": {"mean": 130.1333465576172, "std": 324.61749267578125}, "modality_2": {"mean": 454.9139709472656, "std": 1208.7684326171875}, "modality_3": {"mean": 97.72987365722656, "std": 284.5435791015625}}, "patient_8": {"modality_0": {"mean": 191.82406616210938, "std": 490.3872375488281}, "modality_1": {"mean": 118.86687469482422, "std": 293.4972839355469}, "modality_2": {"mean": 345.27581787109375, "std": 898.8531494140625}, "modality_3": {"mean": 98.9670639038086, "std": 275.0063171386719}}, "patient_9": {"modality_0": {"mean": 177.20713806152344, "std": 395.30596923828125}, "modality_1": {"mean": 683.12060546875, "std": 1437.424560546875}, "modality_2": {"mean": 863.7145385742188, "std": 1826.1041259765625}, "modality_3": {"mean": 121.74464416503906, "std": 277.72509765625}}, "patient_10": {"modality_0": {"mean": 158.94610595703125, "std": 432.5555419921875}, "modality_1": {"mean": 275.5567932128906, "std": 732.3125610351562}, "modality_2": {"mean": 340.5281677246094, "std": 908.936279296875}, "modality_3": {"mean": 70.96796417236328, "std": 215.43289184570312}}, "patient_11": {"modality_0": {"mean": 199.6578369140625, "std": 454.7507629394531}, "modality_1": {"mean": 490.7312316894531, "std": 1095.426513671875}, "modality_2": {"mean": 653.7650756835938, "std": 1459.490478515625}, "modality_3": {"mean": 90.71958923339844, "std": 209.01748657226562}}, "patient_12": {"modality_0": {"mean": 220.5862579345703, "std": 483.4114685058594}, "modality_1": {"mean": 438.236572265625, "std": 947.946533203125}, "modality_2": {"mean": 613.5755004882812, "std": 1333.8048095703125}, "modality_3": {"mean": 91.91791534423828, "std": 217.13949584960938}}, "patient_13": {"modality_0": {"mean": 189.5615997314453, "std": 440.602783203125}, "modality_1": {"mean": 256.37353515625, "std": 596.7623291015625}, "modality_2": {"mean": 308.2626953125, "std": 715.6754760742188}, "modality_3": {"mean": 82.21086120605469, "std": 195.97283935546875}}, "patient_14": {"modality_0": {"mean": 199.6822967529297, "std": 442.4046936035156}, "modality_1": {"mean": 464.34075927734375, "std": 961.4656982421875}, "modality_2": {"mean": 603.4297485351562, "std": 1254.21826171875}, "modality_3": {"mean": 109.32121276855469, "std": 246.8101043701172}}, "patient_15": {"modality_0": {"mean": 219.5218048095703, "std": 500.8275146484375}, "modality_1": {"mean": 396.98541259765625, "std": 858.2683715820312}, "modality_2": {"mean": 506.7276306152344, "std": 1123.6099853515625}, "modality_3": {"mean": 140.62454223632812, "std": 327.2798767089844}}, "patient_16": {"modality_0": {"mean": 183.54061889648438, "std": 426.2491149902344}, "modality_1": {"mean": 160.20301818847656, "std": 346.615234375}, "modality_2": {"mean": 442.1506042480469, "std": 981.7625732421875}, "modality_3": {"mean": 88.58677673339844, "std": 223.91468811035156}}, "patient_17": {"modality_0": {"mean": 151.9915771484375, "std": 377.9845886230469}, "modality_1": {"mean": 366.2838134765625, "std": 884.2656860351562}, "modality_2": {"mean": 470.5160827636719, "std": 1136.85986328125}, "modality_3": {"mean": 101.28223419189453, "std": 256.0347595214844}}, "patient_18": {"modality_0": {"mean": 254.6082305908203, "std": 635.6080932617188}, "modality_1": {"mean": 127.2505111694336, "std": 297.3840637207031}, "modality_2": {"mean": 667.03955078125, "std": 1651.0614013671875}, "modality_3": {"mean": 174.1841278076172, "std": 459.8528137207031}}, "patient_19": {"modality_0": {"mean": 111.9488525390625, "std": 301.3001708984375}, "modality_1": {"mean": 327.5526123046875, "std": 863.461669921875}, "modality_2": {"mean": 440.8122253417969, "std": 1168.015625}, "modality_3": {"mean": 124.0474853515625, "std": 343.99066162109375}}, "patient_20": {"modality_0": {"mean": 200.2994842529297, "std": 453.2637023925781}, "modality_1": {"mean": 497.9426574707031, "std": 1094.2034912109375}, "modality_2": {"mean": 595.1979370117188, "std": 1311.0264892578125}, "modality_3": {"mean": 122.75320434570312, "std": 299.155517578125}}, "patient_21": {"modality_0": {"mean": 202.65139770507812, "std": 458.95330810546875}, "modality_1": {"mean": 187.4354248046875, "std": 394.42462158203125}, "modality_2": {"mean": 569.9578247070312, "std": 1238.8656005859375}, "modality_3": {"mean": 117.04850769042969, "std": 287.12969970703125}}, "patient_22": {"modality_0": {"mean": 144.09217834472656, "std": 347.0147399902344}, "modality_1": {"mean": 409.1606140136719, "std": 959.4146728515625}, "modality_2": {"mean": 581.5232543945312, "std": 1375.0704345703125}, "modality_3": {"mean": 90.33226013183594, "std": 225.60545349121094}}, "patient_23": {"modality_0": {"mean": 172.692626953125, "std": 393.924560546875}, "modality_1": {"mean": 445.22113037109375, "std": 984.9282836914062}, "modality_2": {"mean": 494.0927429199219, "std": 1090.5379638671875}, "modality_3": {"mean": 103.38163757324219, "std": 241.08412170410156}}, "patient_24": {"modality_0": {"mean": 132.1473388671875, "std": 324.0146179199219}, "modality_1": {"mean": 399.27337646484375, "std": 947.4197998046875}, "modality_2": {"mean": 531.516845703125, "std": 1266.639404296875}, "modality_3": {"mean": 59.0683479309082, "std": 151.78680419921875}}}